employee_id,name,department,email
1001,田中太郎,営業部,tanaka.taro@example.com
1002,佐藤花子,人事部,sato.hanako@example.com
1003,鈴木一郎,開発部,suzuki.ichiro@example.com
1004,高橋美咲,経理部,takahashi.misaki@example.com
1005,伊藤健太,営業部,ito.kenta@example.com
1006,渡辺由美,営業部,watanabe.yumi@example.com
1007,山本直樹,開発部,yamamoto.naoki@example.com
1008,中村さくら,人事部,nakamura.sakura@example.com
1009,小林雄介,経理部,kobayashi.yusuke@example.com
1010,加藤明子,営業部,kato.akiko@example.com
1011,吉田拓也,開発部,yoshida.takuya@example.com
1012,山田恵子,営業部,yamada.keiko@example.com
1013,佐々木誠,営業部,sasaki.makoto@example.com
1014,松本愛,人事部,matsumoto.ai@example.com
1015,井上浩二,開発部,inoue.koji@example.com
1016,木村奈々,経理部,kimura.nana@example.com
1017,林達也,営業部,hayashi.tatsuya@example.com
1018,清水裕子,営業部,shimizu.yuko@example.com
1019,山口賢一,開発部,yamaguchi.kenichi@example.com
1020,池田千尋,人事部,ikeda.chihiro@example.com
1021,橋本大輔,営業部,hashimoto.daisuke@example.com
1022,石川彩香,経理部,ishikawa.ayaka@example.com
1023,前田俊介,開発部,maeda.shunsuke@example.com
1024,藤田麻衣,営業部,fujita.mai@example.com
1025,岡田隆,営業部,okada.takashi@example.com
1026,後藤綾,人事部,goto.aya@example.com
1027,長谷川修,開発部,hasegawa.osamu@example.com
1028,村上智子,経理部,murakami.tomoko@example.com
1029,近藤悠太,営業部,kondo.yuta@example.com
1030,坂本里奈,営業部,sakamoto.rina@example.com
1031,遠藤康介,開発部,endo.kosuke@example.com
1032,青木優花,人事部,aoki.yuka@example.com
1033,藤井敬太,営業部,fujii.keita@example.com
1034,西村美穂,経理部,nishimura.miho@example.com
1035,福田浩平,開発部,fukuda.kohei@example.com
1036,太田真由,営業部,ota.mayu@example.com
1037,三浦航,営業部,miura.wataru@example.com
1038,岩田恵,人事部,iwata.megumi@example.com
1039,松田竜也,開発部,matsuda.tatsuya@example.com
1040,中島朱里,経理部,nakajima.akari@example.com
1041,小野寺健,営業部,onodera.ken@example.com
1042,河野夏希,営業部,kono.natsuki@example.com
1043,石井大樹,開発部,ishii.daiki@example.com
1044,原田梨花,人事部,harada.rika@example.com
1045,中川博,営業部,nakagawa.hiroshi@example.com
1046,上田沙織,経理部,ueda.saori@example.com
1047,横山凌,開発部,yokoyama.ryo@example.com
1048,宮崎彩,営業部,miyazaki.aya@example.com
1049,和田誠一,営業部,wada.seiichi@example.com
1050,黒田莉奈,人事部,kuroda.rina@example.com
